GROUP,PACKAGE,CLASS,INSTRUCTION_MISSED,INSTRUCTION_COVERED,BRANCH_MISSED,BRANCH_COVERED,LINE_MISSED,LINE_COVERED,COMPLEXITY_MISSED,COMPLEXITY_COVERED,METHOD_MISSED,METHOD_COVERED
public-info,com.bank.publicinfo.exception,NotFoundException,0,4,0,0,0,2,0,1,0,1
public-info,com.bank.publicinfo.exception,ValidatorException,0,4,0,0,0,2,0,1,0,1
public-info,com.bank.publicinfo.controllers,BranchController,0,31,0,0,0,7,0,6,0,6
public-info,com.bank.publicinfo.controllers,AuditController,0,10,0,0,0,2,0,2,0,2
public-info,com.bank.publicinfo.controllers,Bank_detailsController,0,31,0,0,0,7,0,6,0,6
public-info,com.bank.publicinfo.controllers,AtmController,0,31,0,0,0,7,0,6,0,6
public-info,com.bank.publicinfo.controllers,LicenseController,0,36,0,0,0,8,0,7,0,7
public-info,com.bank.publicinfo.controllers,CertificateController,0,36,0,0,0,8,0,7,0,7
public-info,com.bank.publicinfo,PublicInfoApplication,8,0,0,0,3,0,2,0,2,0
public-info,com.bank.publicinfo.handler,HandlerResponse,0,32,0,0,0,9,0,7,0,7
public-info,com.bank.publicinfo.handler,ExcHandler,0,55,0,0,0,8,0,5,0,5
public-info,com.bank.publicinfo.aspect,AspectAdvices,0,78,0,0,0,18,0,3,0,3
public-info,com.bank.publicinfo.aspect,Pointcuts,7,0,0,0,5,0,5,0,5,0
public-info,com.bank.publicinfo.validation,BranchValidation,0,51,0,14,0,11,0,10,0,3
public-info,com.bank.publicinfo.validation,AtmValidation,0,41,0,8,0,7,0,7,0,3
public-info,com.bank.publicinfo.validation,LicenseValidation,0,37,0,6,0,7,0,6,0,3
public-info,com.bank.publicinfo.validation,BankDetailsValidation,0,58,0,18,0,13,0,12,0,3
public-info,com.bank.publicinfo.validation,CertificateValidation,0,37,0,6,0,7,0,6,0,3
public-info,com.bank.publicinfo.service,Bank_detailsServiceImpl,0,74,0,0,0,11,0,7,0,7
public-info,com.bank.publicinfo.service,AtmServiceImpl,0,74,0,0,0,11,0,7,0,7
public-info,com.bank.publicinfo.service,AuditServiceImpl,0,22,0,0,0,7,0,3,0,3
public-info,com.bank.publicinfo.service,CertificateServiceImpl,0,82,0,0,0,12,0,8,0,8
public-info,com.bank.publicinfo.service,BranchServiceImpl,0,74,0,0,0,11,0,7,0,7
public-info,com.bank.publicinfo.service,LicenseServiceImpl,0,82,0,0,0,12,0,8,0,8
